"Symbol","Description","Category2","Category3","GICS Sector","Market cap","Dividend yield","Price to TTM earnings","Price to TTM sales","Price to book value","Action"
"AAPL","Apple Inc","Common stocks","Large cap","Information Technology","$2,308,654,217,840","0.62%","21.77","5.98","32.93","Analyze"
"MSFT","Microsoft Corp","Common stocks","Large cap","Information Technology","$1,980,373,183,817","0.91%","26.11","10.28","11.61","Analyze"
"GOOG","Alphabet Inc Class C","Common stocks","Large cap","Communication Services","$1,551,786,037,947","0.00%","9.37","5.74","2.75","Analyze"
"GOOGL","Alphabet Inc Class A","Common stocks","Large cap","Communication Services","$1,551,786,037,947","0.00%","8.97","5.74","2.63","Analyze"
"TSLA","Tesla Inc","Common stocks","Large cap","Consumer Discretionary","$745,015,457,266","0.00%","85.94","11.98","21.18","Analyze"
"BRK.B","Berkshire Hathaway Inc. Class B","Common stocks","Large cap","Financials","$681,293,319,342","0.00%","4.49","1.92","0.73","Analyze"
"META","Meta Platforms, Inc.","Common stocks","Large cap","Communication Services","$525,136,023,552","0.00%","0.00","0.00","0.00","Analyze"
"UNH","Unitedhealth Group Inc","Common stocks","Large cap","Health Care","$459,169,327,656","1.18%","26.06","1.55","6.25","Analyze"
"JNJ","Johnson & Johnson","Common stocks","Large cap","Health Care","$457,100,807,373","2.46%","22.90","4.82","6.08","Analyze"
"V","Visa Inc Class A","Common stocks","Large cap","Information Technology","$454,266,440,000","0.70%","23.96","16.86","9.12","Analyze"
"NVDA","Nvidia Corp","Common stocks","Large cap","Information Technology","$451,200,000,000","0.09%","43.51","16.76","15.95","Analyze"
"XOM","Exxon Mobil Corp","Common stocks","Large cap","Energy","$431,069,549,340","3.37%","16.41","1.40","2.50","Analyze"
"JPM","JP Morgan Chase & Co","Common stocks","Large cap","Financials","$368,041,793,894","3.08%","8.67","3.06","1.23","Analyze"
"CVX","Chevron Corp","Common stocks","Large cap","Energy","$348,793,684,709","3.11%","16.81","1.97","2.36","Analyze"
"PG","Procter & Gamble","Common stocks","Large cap","Consumer Staples","$341,875,806,874","2.45%","23.33","4.29","7.49","Analyze"
"MA","Mastercard Inc Class A","Common stocks","Large cap","Information Technology","$336,757,372,811","0.53%","34.04","16.93","45.92","Analyze"
"WMT","Walmart Stores Inc","Common stocks","Large cap","Consumer Staples","$331,733,979,051","1.82%","25.67","0.58","4.34","Analyze"
"HD","Home Depot Inc","Common stocks","Large cap","Consumer Discretionary","$308,182,598,108","2.35%","18.00","2.02","-173.94","Analyze"
"PFE","Pfizer Inc","Common stocks","Large cap","Health Care","$290,532,184,576","3.02%","11.23","3.15","3.40","Analyze"
"LLY","Eli Lilly","Common stocks","Large cap","Health Care","$288,135,886,267","1.20%","46.04","9.83","30.24","Analyze"
"BAC","Bank of America Corp","Common stocks","Large cap","Financials","$278,042,975,837","2.41%","9.03","3.11","1.00","Analyze"
"KO","Coca-Cola","Common stocks","Large cap","Consumer Staples","$267,904,775,329","2.72%","25.83","6.68","10.72","Analyze"
"ABBV","Abbvie Inc","Common stocks","Large cap","Health Care","$256,990,819,371","3.67%","20.28","4.53","15.54","Analyze"
"AVGO","Broadcom Inc.","Common stocks","Large cap","Information Technology","$227,094,152,377","3.38%","29.34","7.97","9.61","Analyze"
"PEP","Pepsico Inc","Common stocks","Large cap","Consumer Staples","$225,073,229,734","2.66%","22.11","2.78","12.35","Analyze"
"MRK","Merck & Co Inc","Common stocks","Large cap","Health Care","$222,534,842,200","3.01%","15.55","4.12","5.39","Analyze"
"VZ","Verizon Communications Inc","Common stocks","Large cap","Communication Services","$213,929,850,129","6.14%","9.97","1.59","2.55","Analyze"
"TMO","Thermo Fisher Scientific Inc","Common stocks","Large cap","Health Care","$211,319,016,840","0.20%","27.13","5.14","5.04","Analyze"
"COST","Costco Wholesale Corp","Common stocks","Large cap","Consumer Staples","$209,100,660,075","0.69%","37.23","0.99","10.57","Analyze"
"ADBE","Adobe Inc","Common stocks","Large cap","Information Technology","$201,483,450,000","0.00%","38.55","12.48","13.51","Analyze"
"ABT","Abbott Laboratories","Common stocks","Large cap","Health Care","$197,348,705,393","1.62%","24.85","4.43","5.42","Analyze"
"ACN","Accenture Plc Class A","Common stocks","Large cap","Information Technology","$195,702,969,680","1.28%","29.64","3.45","9.22","Analyze"
"CMCSA","Comcast A Corp","Common stocks","Large cap","Communication Services","$188,568,658,291","2.40%","12.94","1.57","1.97","Analyze"
"DHR","Danaher Corp","Common stocks","Large cap","Health Care","$188,138,383,970","0.34%","29.06","6.21","3.94","Analyze"
"DIS","Walt Disney","Common stocks","Large cap","Communication Services","$188,071,431,046","0.00%","68.27","2.45","2.00","Analyze"
"NKE","Nike Inc Class B","Common stocks","Large cap","Consumer Discretionary","$186,181,839,898","1.00%","23.80","3.98","9.83","Analyze"
"CRM","Salesforce.Com Inc","Common stocks","Large cap","Information Technology","$186,174,450,000","0.00%","122.96","7.03","3.05","Analyze"
"ORCL","Oracle Corp","Common stocks","Large cap","Information Technology","$184,689,827,540","1.84%","23.69","4.42","-20.60","Analyze"
"CSCO","Cisco Systems Inc","Common stocks","Large cap","Information Technology","$183,279,068,278","3.33%","15.00","3.55","4.46","Analyze"
"MCD","Mcdonalds Corp","Common stocks","Large cap","Consumer Discretionary","$179,088,684,569","2.22%","24.68","7.54","-29.30","Analyze"
"TMUS","T Mobile US Inc","Common stocks","Large cap","Communication Services","$166,180,549,681","0.00%","58.15","2.06","2.33","Analyze"
"INTC","Intel Corporation Corp","Common stocks","Large cap","Information Technology","$163,600,890,000","3.52%","6.51","2.11","1.55","Analyze"
"BMY","Bristol Myers Squibb","Common stocks","Large cap","Health Care","$161,766,303,311","2.68%","25.58","3.44","5.06","Analyze"
"WFC","Wells Fargo","Common stocks","Large cap","Financials","$161,734,330,209","2.09%","7.88","2.09","0.85","Analyze"
"LIN","Linde Plc","Common stocks","Large cap","Materials","$160,213,336,555","1.39%","38.88","5.04","3.64","Analyze"
"AMD","Advanced Micro Devices Inc","Common stocks","Large cap","Information Technology","$160,106,180,915","0.00%","45.29","8.48","2.78","Analyze"
"PM","Philip Morris International Inc","Common stocks","Large cap","Consumer Staples","$157,630,718,034","4.77%","17.62","4.99","-15.71","Analyze"
"QCOM","Qualcomm Inc","Common stocks","Large cap","Information Technology","$153,809,896,376","2.03%","13.43","3.92","11.24","Analyze"
"COP","ConocoPhillips","Common stocks","Large cap","Energy","$153,351,378,292","1.93%","11.75","2.85","3.07","Analyze"
"UPS","United Parcel Service Inc Class B","Common stocks","Large cap","Industrials","$152,609,820,000","2.85%","11.81","1.55","8.24","Analyze"
"NEE","Nextera Energy Inc","Common stocks","Large cap","Utilities","$151,514,470,088","2.08%","102.42","9.33","4.16","Analyze"
"T","AT&T Inc.","Common stocks","Large cap","Communication Services","$149,479,920,000","8.55%","8.64","0.92","0.79","Analyze"
"TXN","Texas Instrument Inc","Common stocks","Large cap","Information Technology","$148,998,386,675","2.74%","17.72","7.86","10.38","Analyze"
"RTX","Raytheon Technologies Corporation","Common stocks","Large cap","Industrials","$144,825,007,022","2.12%","33.85","2.23","1.96","Analyze"
"MS","Morgan Stanley","Common stocks","Large cap","Financials","$141,971,894,228","3.41%","9.58","2.56","1.32","Analyze"
"UNP","Union Pacific Corp","Common stocks","Large cap","Industrials","$136,149,573,569","2.17%","19.46","6.01","11.14","Analyze"
"HON","Honeywell International Inc","Common stocks","Large cap","Industrials","$130,707,529,889","2.00%","24.16","3.81","6.90","Analyze"
"AMGN","Amgen Inc","Common stocks","Large cap","Health Care","$129,142,833,803","3.02%","22.40","4.91","139.97","Analyze"
"MDT","Medtronic Plc","Common stocks","Large cap","Health Care","$125,031,451,390","2.68%","25.32","3.93","2.37","Analyze"
"LOW","Lowes Companies Inc","Common stocks","Large cap","Consumer Discretionary","$124,169,949,092","1.64%","14.14","1.30","-17.32","Analyze"
"IBM","International Business Machines Co","Common stocks","Large cap","Information Technology","$124,086,097,437","4.68%","22.19","2.31","6.43","Analyze"
"CVS","CVS Health Corp","Common stocks","Large cap","Health Care","$121,610,803,523","2.25%","15.27","0.41","1.65","Analyze"
"AXP","American Express","Common stocks","Large cap","Financials","$121,227,643,552","1.12%","14.89","2.69","5.20","Analyze"
"SCHW","Charles Schwab Corporation","Common stocks","Large cap","Financials","$120,730,885,888","1.18%","21.53","6.53","2.35","Analyze"
"CAT","Caterpillar Inc","Common stocks","Large cap","Industrials","$119,295,111,362","1.97%","17.67","2.26","6.73","Analyze"
"AMT","American Tower Corporation","REITs","Large cap","Real Estate","$118,741,598,164","2.05%","43.48","12.04","21.36","Analyze"
"ANTM","Anthem Inc","Common stocks","Large cap","Health Care","$117,215,420,036","0.99%","18.64","0.81","3.24","Analyze"
"LMT","Lockheed Martin Corp","Common stocks","Large cap","Industrials","$115,149,809,789","2.53%","18.43","1.75","11.45","Analyze"
"SPGI","S&P Global Inc","Common stocks","Large cap","Financials","$114,352,557,000","0.94%","32.28","13.19","2.85","Analyze"
"INTU","Intuit Inc","Common stocks","Large cap","Information Technology","$109,768,721,546","0.66%","49.51","9.62","6.90","Analyze"
"DE","Deere & Company","Common stocks","Large cap","Industrials","$105,545,166,612","1.17%","18.16","2.40","5.42","Analyze"
"GS","Goldman Sachs Group Inc","Common stocks","Large cap","Financials","$104,483,380,628","2.62%","5.40","1.96","0.86","Analyze"
"BLK","Blackrock Inc","Common stocks","Large cap","Financials","$99,969,422,812","2.71%","15.25","5.08","2.50","Analyze"
"C","Citigroup Inc","Common stocks","Large cap","Financials","$98,985,303,812","4.03%","5.50","1.38","0.48","Analyze"
"NOW","Servicenow Inc","Common stocks","Large cap","Information Technology","$98,670,363,118","0.00%","424.66","15.77","23.73","Analyze"
"PYPL","Paypal Holdings Inc","Common stocks","Large cap","Information Technology","$97,402,738,428","0.00%","25.64","3.77","4.46","Analyze"
"EL","Estee Lauder Inc Class A","Common stocks","Large cap","Consumer Staples","$93,580,277,600","0.90%","17.23","5.17","9.40","Analyze"
"AMAT","Applied Material Inc","Common stocks","Large cap","Information Technology","$93,293,145,985","1.14%","13.12","3.76","7.65","Analyze"
"BKNG","Booking Holdings Inc","Common stocks","Large cap","Consumer Discretionary","$92,533,277,447","0.00%","164.44","7.40","19.55","Analyze"
"SBUX","Starbucks Corp","Common stocks","Large cap","Consumer Discretionary","$90,501,879,000","2.41%","19.69","2.89","-9.90","Analyze"
"PLD","Prologis, Inc","REITs","Large cap","Real Estate","$90,438,419,390","2.18%","23.35","18.72","2.54","Analyze"
"ADP","Automatic Data Processing Inc","Common stocks","Large cap","Information Technology","$90,108,060,686","1.86%","30.89","5.71","21.08","Analyze"
"MO","Altria Group Inc","Common stocks","Large cap","Consumer Staples","$88,101,716,807","7.13%","29.47","4.19","-50.35","Analyze"
"CB","Chubb Ltd","Common stocks","Large cap","Financials","$87,390,469,856","1.54%","10.40","2.15","1.51","Analyze"
"NFLX","Netflix Inc","Common stocks","Large cap","Communication Services","$85,164,823,692","0.00%","16.14","2.80","4.61","Analyze"
"MDLZ","Mondelez International Inc","Common stocks","Large cap","Consumer Staples","$84,737,643,987","2.21%","20.06","2.90","2.99","Analyze"
"ADI","Analog Devices Inc","Common stocks","Large cap","Information Technology","$84,005,852,185","1.78%","49.67","8.61","2.20","Analyze"
"EOG","EOG Resources Inc","Common stocks","Large cap","Energy","$83,458,312,768","1.60%","19.27","3.73","3.92","Analyze"
"DUK","Duke Energy Corp","Common stocks","Large cap","Utilities","$82,941,378,926","3.61%","22.49","3.18","1.68","Analyze"
"SYK","Stryker Corp","Common stocks","Large cap","Health Care","$82,804,398,898","1.21%","40.61","4.75","5.44","Analyze"
"GE","General Electric","Common stocks","Large cap","Industrials","$82,307,727,055","0.43%","-15.75","1.11","2.01","Analyze"
"MMM","3M","Common stocks","Large cap","Industrials","$82,046,904,849","0.32%","14.00","2.32","5.25","Analyze"
"CI","Cigna Corp","Common stocks","Large cap","Health Care","$81,723,295,766","1.64%","14.92","0.46","1.74","Analyze"
"CHTR","Charter Communications Inc Class A","Common stocks","Large cap","Communication Services","$80,951,334,595","0.00%","15.76","1.55","6.60","Analyze"
"BA","Boeing","Common stocks","Large cap","Industrials","$79,119,459,947","0.00%","-15.38","1.30","-4.88","Analyze"
"ZTS","Zoetis Inc","Common stocks","Large cap","Health Care","$78,354,964,771","0.69%","36.66","9.93","16.32","Analyze"
"CCI","Crown Castle International Corp.","REITs","Large cap","Real Estate","$77,785,480,499","3.08%","51.24","11.79","9.30","Analyze"
"SO","Southern Co","Common stocks","Large cap","Utilities","$77,447,423,561","3.60%","33.47","3.25","2.35","Analyze"
"MMC","Marsh & McLennan Inc","Common stocks","Large cap","Financials","$76,792,799,772","1.39%","23.31","3.79","6.89","Analyze"
"GILD","Gilead Sciences Inc","Common stocks","Large cap","Health Care","$76,738,896,749","4.60%","16.87","2.79","3.82","Analyze"
"ISRG","Intuitive Surgical Inc","Common stocks","Large cap","Health Care","$75,362,919,484","0.00%","36.16","12.76","6.09","Analyze"
"USB","US Bancorp","Common stocks","Large cap","Financials","$74,777,301,347","3.53%","10.50","3.27","1.41","Analyze"
"MU","Micron Technology Inc","Common stocks","Large cap","Information Technology","$73,722,345,899","0.45%","7.75","2.37","1.46","Analyze"
"NOC","Northrop Grumman Corp","Common stocks","Large cap","Industrials","$71,958,415,621","1.38%","12.51","2.04","5.43","Analyze"
"TGT","Target Corp","Common stocks","Large cap","Consumer Discretionary","$71,664,280,629","2.32%","11.85","0.67","6.44","Analyze"
"CME","CME Group Inc Class A","Common stocks","Large cap","Financials","$71,139,632,450","1.91%","26.11","14.87","2.59","Analyze"
"TJX","TJX Companies, Inc.","Common stocks","Large cap","Consumer Discretionary","$71,059,719,336","1.76%","22.40","1.36","11.51","Analyze"
"BDX","Becton Dickinson","Common stocks","Large cap","Health Care","$70,801,501,905","1.35%","38.84","3.53","2.90","Analyze"
"LRCX","Lam Research Corp","Common stocks","Large cap","Information Technology","$68,448,930,073","1.17%","14.49","4.09","10.92","Analyze"
"SHW","Sherwin Williams","Common stocks","Large cap","Materials","$68,151,800,859","0.88%","35.26","3.36","28.81","Analyze"
"SLB","Schlumberger Nv","Common stocks","Large cap","Energy","$68,043,998,339","1.14%","31.90","2.87","4.35","Analyze"
"CSX","CSX Corp","Common stocks","Large cap","Industrials","$67,771,682,704","1.24%","16.75","5.16","5.00","Analyze"
"PGR","Progressive Corp","Common stocks","Large cap","Financials","$67,576,745,426","1.64%","30.78","1.41","3.90","Analyze"
"PNC","PNC Financial Services Group, Inc.","Common stocks","Large cap","Financials","$67,413,663,717","3.19%","13.03","3.43","1.33","Analyze"
"PXD","Pioneer Natural Resource","Common stocks","Large cap","Energy","$66,969,407,868","1.10%","15.63","3.20","2.77","Analyze"
"VRTX","Vertex Pharmaceuticals Inc","Common stocks","Large cap","Health Care","$66,419,823,072","0.00%","26.60","8.36","5.98","Analyze"
"CL","Colgate-Palmolive","Common stocks","Large cap","Consumer Staples","$64,395,832,709","2.35%","31.41","3.68","200.04","Analyze"
"D","Dominion Energy Inc","Common stocks","Large cap","Utilities","$64,366,189,886","3.23%","21.65","4.48","2.21","Analyze"
"WM","Waste Management Inc","Common stocks","Large cap","Industrials","$63,671,997,284","1.59%","32.95","3.45","8.80","Analyze"
"TFC","Truist Financial Corporation","Common stocks","Large cap","Financials","$63,521,756,978","3.97%","10.15","2.87","0.94","Analyze"
"ITW","Illinois Tool Inc","Common stocks","Large cap","Industrials","$63,335,041,972","2.34%","22.82","4.27","17.11","Analyze"
"GD","General Dynamics Corp","Common stocks","Large cap","Industrials","$63,008,513,542","2.11%","19.02","1.64","3.46","Analyze"
"FISV","Fiserv Inc","Common stocks","Large cap","Information Technology","$62,477,352,952","0.00%","36.21","3.76","1.97","Analyze"
"REGN","Regeneron Pharmaceuticals Inc","Common stocks","Large cap","Health Care","$62,167,981,063","0.00%","7.79","3.77","3.10","Analyze"
"OXY","Occidental Petroleum Corp","Common stocks","Large cap","Energy","$61,086,108,207","0.43%","9.15","2.11","2.40","Analyze"
"FIS","Fidelity National Information Services","Common stocks","Large cap","Information Technology","$60,918,323,079","1.71%","65.64","4.31","1.27","Analyze"
"NSC","Norfolk Southern Corp","Common stocks","Large cap","Industrials","$60,308,736,350","1.95%","18.01","5.28","4.06","Analyze"
"MPC","Marathon Petroleum Corp","Common stocks","Large cap","Energy","$60,245,195,850","2.06%","5.41","0.45","2.45","Analyze"
"ATVI","Activision Blizzard Inc","Common stocks","Large cap","Communication Services","$60,032,859,420","0.61%","24.17","7.24","3.35","Analyze"
"EQIX","Equinix, Inc.","REITs","Large cap","Real Estate","$59,925,321,998","1.80%","120.26","8.85","5.40","Analyze"
"HCA","HCA Healthcare, Inc.","Common stocks","Large cap","Health Care","$59,469,190,344","0.99%","8.54","1.00","-28.59","Analyze"
"AMZN","Amazon.Com Inc.","Common stocks","Large cap","Consumer Discretionary","$59,087,883,868","0.00%","2.61","0.12","0.42","Analyze"
"FCX","Freeport-McMoRan, Inc.","Common stocks","Large cap","Materials","$58,724,111,719","0.74%","11.39","2.39","3.92","Analyze"
"VLO","Valero Energy Corp","Common stocks","Large cap","Energy","$58,525,107,019","2.69%","22.60","0.44","3.05","Analyze"
"EW","Edwards Lifesciences Corp","Common stocks","Large cap","Health Care","$58,220,832,559","0.00%","37.58","10.87","9.89","Analyze"
"HUM","Humana Inc","Common stocks","Large cap","Health Care","$56,873,963,407","0.64%","18.51","0.66","3.67","Analyze"
"ETN","Eaton Corporation, PLC","Common stocks","Large cap","Industrials","$56,857,500,000","2.19%","24.65","2.87","3.29","Analyze"
"APD","Air Products And Chemicals Inc","Common stocks","Large cap","Materials","$56,246,151,194","2.39%","24.63","4.94","3.94","Analyze"
"FDX","FedEx Corporation","Common stocks","Large cap","Industrials","$56,241,675,693","1.38%","10.44","0.61","2.19","Analyze"
"ICE","Intercontinental Exchange Inc","Common stocks","Large cap","Financials","$55,547,496,751","1.37%","13.42","6.04","2.41","Analyze"
"AON","Aon Plc","Common stocks","Large cap","Financials","$55,030,792,847","0.80%","39.46","4.46","45.77","Analyze"
"MAR","Marriott International Inc","Common stocks","Large cap","Consumer Discretionary","$54,871,574,413","0.18%","35.19","3.49","29.53","Analyze"
"PSA","Public Storage","REITs","Large cap","Real Estate","$54,371,843,835","2.56%","28.78","15.01","5.56","Analyze"
"BSX","Boston Scientific Corp","Common stocks","Large cap","Health Care","$54,280,818,426","0.00%","70.68","4.46","3.18","Analyze"
"DG","Dollar General Corp","Common stocks","Large cap","Consumer Discretionary","$53,959,461,149","0.76%","22.08","1.58","8.46","Analyze"
"MET","Metlife Inc","Common stocks","Large cap","Financials","$53,679,723,175","2.91%","7.74","0.81","0.96","Analyze"
"GM","General Motors","Common stocks","Large cap","Consumer Discretionary","$53,444,529,975","0.00%","5.77","0.41","0.82","Analyze"
"EMR","Emerson Electric","Common stocks","Large cap","Industrials","$53,424,360,000","2.26%","18.04","2.83","4.89","Analyze"
"MRNA","Moderna, Inc.","Common stocks","Large cap","Health Care","$53,315,685,659","0.00%","3.45","2.36","2.96","Analyze"
"F","Ford Motor Company","Common stocks","Large cap","Consumer Discretionary","$52,441,568,345","2.25%","4.35","0.38","1.12","Analyze"
"KLAC","KLA-Tencor Corporation","Common stocks","Large cap","Information Technology","$52,169,588,429","1.20%","15.81","6.03","12.20","Analyze"
"PSX","Phillips 66","Common stocks","Large cap","Energy","$52,088,699,815","3.37%","20.07","0.41","2.34","Analyze"
"MCO","Moodys Corp","Common stocks","Large cap","Financials","$51,556,680,000","0.94%","25.51","8.40","21.06","Analyze"
"DVN","Devon Energy Corp","Common stocks","Large cap","Energy","$51,381,000,000","2.62%","13.63","3.68","5.26","Analyze"
"NEM","Newmont Corporation","Common stocks","Large cap","Materials","$51,253,990,557","3.37%","50.29","4.14","2.47","Analyze"
"AEP","American Electric Power Inc","Common stocks","Large cap","Utilities","$50,460,850,734","3.10%","19.20","2.95","915.80","Analyze"
"SRE","Sempra Energy","Common stocks","Large cap","Utilities","$48,767,521,907","3.53%","49.00","3.63","8.41","Analyze"
"FTNT","Fortinet Inc","Common stocks","Large cap","Information Technology","$48,719,983,045","0.00%","72.54","13.58","212.59","Analyze"
"SNPS","Synopsys Inc","Common stocks","Large cap","Information Technology","$48,503,806,553","0.00%","46.32","10.19","8.40","Analyze"
"ADM","Archer-Daniels-Midland Company","Common stocks","Large cap","Consumer Staples","$48,381,615,440","1.78%","15.50","0.54","2.01","Analyze"
"NXPI","NXP Semiconductors Nv","Common stocks","Large cap","Information Technology","$48,369,685,614","1.37%","30.89","4.16","7.20","Analyze"
"DOW","Dow Inc.","Common stocks","Large cap","Materials","$47,952,787,314","4.18%","6.53","0.82","2.39","Analyze"
"MNST","Monster Beverage Corp","Common stocks","Large cap","Consumer Staples","$47,299,656,645","0.00%","33.99","8.13","6.71","Analyze"
"ECL","Ecolab Inc","Common stocks","Large cap","Materials","$47,050,262,557","1.20%","40.92","3.59","6.40","Analyze"
"COF","Capital One Financial Corp","Common stocks","Large cap","Financials","$46,906,665,287","2.00%","4.01","1.49","0.79","Analyze"
"CNC","Centene Corp","Common stocks","Large cap","Health Care","$46,802,656,700","0.00%","9.32","0.35","1.71","Analyze"
"LHX","L3Harris Technologies, Inc.","Common stocks","Large cap","Industrials","$46,403,705,548","1.77%","25.03","2.67","2.41","Analyze"
"EXC","Exelon Corp","Common stocks","Large cap","Utilities","$45,733,190,927","2.59%","17.40","1.44","1.92","Analyze"
"KHC","Kraft Heinz","Common stocks","Large cap","Consumer Staples","$45,616,688,767","4.23%","37.42","1.78","0.92","Analyze"
"STZ","Constellation Brands Class A","Common stocks","Large cap","Consumer Staples","$45,527,306,266","1.27%","89.14","5.16","3.28","Analyze"
"MCK","Mckesson Corp","Common stocks","Large cap","Health Care","$45,358,342,048","0.60%","40.89","0.17","-20.05","Analyze"
"AIG","American International Group Inc","Common stocks","Large cap","Financials","$44,267,687,395","2.27%","4.34","0.83","0.76","Analyze"
"PAYX","Paychex Inc","Common stocks","Large cap","Information Technology","$44,260,731,891","2.24%","32.04","9.84","13.25","Analyze"
"CTVA","Corteva, Inc.","Common stocks","Large cap","Materials","$44,203,596,000","0.91%","24.35","2.75","1.63","Analyze"
"KMI","Kinder Morgan Inc","Common stocks","Large cap","Energy","$43,739,545,007","5.51%","41.41","2.79","1.41","Analyze"
"HSY","Hershey Foods","Common stocks","Large cap","Consumer Staples","$43,595,341,900","1.72%","19.28","4.67","10.68","Analyze"
"WMB","Williams Inc","Common stocks","Large cap","Energy","$43,349,032,880","4.61%","28.95","3.97","3.76","Analyze"
"ROP","Roper Technologies Inc","Common stocks","Large cap","Information Technology","$43,024,897,841","0.58%","14.35","7.07","3.05","Analyze"
"CDNS","Cadence Design Systems Inc","Common stocks","Large cap","Information technology","$42,966,009,790","0.00%","55.26","13.62","14.90","Analyze"
"KMB","Kimberly Clark Corp","Common stocks","Large cap","Consumer Staples","$42,944,523,338","3.56%","24.56","2.17","61.06","Analyze"
"ADSK","Autodesk Inc","Common stocks","Large cap","Information Technology","$42,381,116,307","0.00%","81.79","9.66","47.87","Analyze"
"SYY","Sysco Corp","Common stocks","Large cap","Consumer Staples","$42,026,660,062","2.26%","41.74","0.64","31.58","Analyze"
"AZO","Autozone Inc","Common stocks","Large cap","Consumer Discretionary","$41,705,448,998","0.00%","17.01","2.67","-13.06","Analyze"
"APH","Amphenol Corp","Common stocks","Large cap","Information Technology","$41,286,157,549","0.99%","23.91","3.61","6.28","Analyze"
"TEL","TE Connectivity Ltd","Common stocks","Large cap","Information Technology","$41,170,592,330","1.61%","15.90","2.66","3.81","Analyze"
"TRV","Travelers Companies Inc","Common stocks","Large cap","Financials","$41,160,510,673","2.06%","10.35","1.17","1.59","Analyze"
"IQV","IQVIA Holdings, Inc.","Common stocks","Large cap","Health Care","$41,007,302,933","0.00%","36.38","2.92","6.63","Analyze"
"GIS","General Mills Inc","Common stocks","Large cap","Consumer Staples","$40,908,263,266","2.97%","17.89","2.20","4.09","Analyze"
"ORLY","Oreilly Automotive Inc","Common stocks","Large cap","Consumer Discretionary","$40,692,587,952","0.00%","18.61","3.01","-121.62","Analyze"
"RSG","Republic Services Inc","Common stocks","Large cap","Industrials","$40,585,662,447","1.40%","29.69","3.48","4.45","Analyze"
"CTAS","Cintas Corp","Common stocks","Large cap","Industrials","$40,000,854,208","0.97%","31.76","5.25","11.64","Analyze"
"O","Realty Income Corporation","REITs","Large cap","Real Estate","$39,873,935,722","4.31%","85.73","16.31","1.56","Analyze"
"HES","Hess Corp","Common stocks","Large cap","Energy","$39,486,766,712","0.88%","54.91","5.01","6.30","Analyze"
"XEL","Xcel Energy Inc","Common stocks","Large cap","Utilities","$38,822,886,084","2.58%","23.95","2.85","2.46","Analyze"
"PRU","Prudential Financial Inc","Common stocks","Large cap","Financials","$38,463,750,000","4.51%","7.65","0.57","0.84","Analyze"
"CMG","Chipotle Mexican Grill Inc","Common stocks","Large cap","Consumer Discretionary","$38,297,089,156","0.00%","53.83","4.89","17.26","Analyze"
"HAL","Halliburton","Common stocks","Large cap","Energy","$38,072,402,823","0.78%","23.56","2.36","5.20","Analyze"
"EA","Electronic Arts Inc","Common stocks","Large cap","Communication Services","$38,012,350,495","0.51%","47.34","5.44","4.90","Analyze"
"WBD","Warner Bros. Discovery, Inc. - Series A","Common stocks","Large cap","Communication Services","$37,931,578,050","0.00%","29.01","3.02","3.01","Analyze"
"DLR","Digital Realty Trust, Inc","REITs","Large cap","Real Estate","$37,924,052,066","3.49%","27.25","8.49","2.11","Analyze"
"HPQ","HP Inc","Common stocks","Large cap","Information Technology","$37,921,847,867","2.55%","5.59","0.58","-15.67","Analyze"
"HLT","Hilton Worldwide Holdings Inc","Common stocks","Large cap","Consumer Discretionary","$37,797,443,502","0.11%","48.60","5.70","-50.83","Analyze"
"WELL","Welltower Inc","REITs","Large cap","Real Estate","$37,783,737,830","0.73%","114.10","7.47","2.08","Analyze"
"JCI","Johnson Controls International Plc","Common stocks","Large cap","Industrials","$37,371,333,039","2.27%","29.25","1.51","2.18","Analyze"
"BKR","Baker Hughes Company Class A","Common stocks","Large cap","Energy","$37,351,459,200","0.98%","113.36","1.81","2.21","Analyze"
"A","Agilent Technologies Inc","Common stocks","Large cap","Health Care","$37,081,618,072","0.65%","29.89","5.75","6.99","Analyze"
"AFL","Aflac Inc","Common stocks","Large cap","Financials","$36,994,369,417","2.52%","8.82","1.74","1.21","Analyze"
"MCHP","Microchip Technology Inc","Common stocks","Large cap","Information Technology","$36,946,421,619","1.80%","27.67","5.42","6.03","Analyze"
"CTSH","Cognizant Technology Solutions","Common stocks","Large cap","Information Technology","$36,883,472,515","1.44%","16.60","1.95","3.04","Analyze"
"KR","Kroger","Common stocks","Large cap","Consumer Staples","$36,356,908,837","1.66%","33.82","0.00","3.90","Analyze"
"BAX","Baxter International Inc","Common stocks","Large cap","Health Care","$36,269,170,676","1.56%","34.83","2.68","4.06","Analyze"
"WBA","Walgreen Boots Alliance Inc","Common stocks","Large cap","Consumer Staples","$36,036,628,918","4.51%","5.71","0.27","1.34","Analyze"
"SBAC","SBA Communications Corporation","REITs","Large cap","Real Estate","$35,977,162,866","0.77%","80.14","15.12","-6.47","Analyze"
"DLTR","Dollar Tree Inc","Common stocks","Large cap","Consumer Discretionary","$35,895,282,355","0.00%","24.67","1.36","4.54","Analyze"
"MSI","Motorola Solutions Inc","Common stocks","Large cap","Information Technology","$35,843,380,322","1.39%","27.61","4.32","-110.78","Analyze"
"BK","Bank Of New York Mellon Corp","Common stocks","Large cap","Financials","$35,575,434,622","3.06%","10.19","2.28","0.83","Analyze"
"PH","Parker-Hannifin Corp","Common stocks","Large cap","Industrials","$35,553,911,336","1.59%","19.99","2.27","3.78","Analyze"
"LYB","Lyondellbasell Industries NV","Common stocks","Large cap","Materials","$35,455,233,036","4.18%","5.74","0.71","2.65","Analyze"
"ILMN","Illumina Inc","Common stocks","Large cap","Health Care","$35,264,237,000","0.00%","45.83","7.57","2.94","Analyze"
"ALL","Allstate Corp","Common stocks","Large cap","Financials","$35,159,326,124","2.57%","9.72","0.70","1.48","Analyze"
"MSCI","MSCI Inc","Common stocks","Large cap","Financials","$34,707,898,576","0.97%","43.99","16.33","-37.90","Analyze"
"GPN","Global Payments Inc","Common stocks","Large cap","Information Technology","$34,373,171,229","0.82%","32.62","3.96","1.31","Analyze"
"SPG","Simon Property Group, Inc","REITs","Large cap","Real Estate","$34,135,690,863","7.42%","14.94","6.60","10.22","Analyze"
"DD","DuPont de Nemours, Inc.","Common stocks","Large cap","Materials","$33,623,775,420","1.89%","20.70","2.11","1.23","Analyze"
"ED","Consolidated Edison Inc","Common stocks","Large cap","Utilities","$33,484,414,590","3.27%","22.05","2.38","1.65","Analyze"
"YUM","Yum Brands Inc","Common stocks","Large cap","Consumer Discretionary","$33,455,418,072","1.81%","19.80","5.03","-3.84","Analyze"
"IFF","International Flavors & Fragrances","Common stocks","Large cap","Materials","$33,332,812,624","2.39%","57.25","2.68","1.52","Analyze"
"TDG","Transdigm Group Inc","Common stocks","Large cap","Industrials","$33,194,740,593","0.00%","35.74","6.62","-10.95","Analyze"
"AJG","Arthur J Gallagher","Common stocks","Large cap","Financials","$32,972,273,280","1.26%","33.36","3.90","3.58","Analyze"
"CARR","Carrier Global Corporation","Common stocks","Large cap","Industrials","$32,954,192,065","1.38%","11.91","1.60","4.46","Analyze"
"NUE","Nucor Corp","Common stocks","Large cap","Materials","$32,901,222,468","1.46%","4.01","0.82","2.10","Analyze"
"PEG","Public Service Enterprise Group Inc","Common stocks","Large cap","Utilities","$32,531,708,360","3.19%","-25.18","3.56","2.40","Analyze"
"BF.B","Brown Forman Inc Class B","Common stocks","Large cap","Consumer Staples","$32,193,110,703","1.07%","26.28","8.59","8.42","Analyze"
"OTIS","Otis Worldwide Corporation","Common stocks","Large cap","Industrials","$32,132,376,452","1.33%","24.81","2.25","-6.16","Analyze"
"TT","Trane Technologies plc","Common stocks","Large cap","Industrials","$31,405,112,176","1.86%","21.02","2.17","5.08","Analyze"
"WEC","WEC Energy Group Inc","Common stocks","Large cap","Utilities","$31,392,044,525","2.79%","23.10","3.68","2.78","Analyze"
"TSN","Tyson Foods Inc Class A","Common stocks","Large cap","Consumer Staples","$31,064,442,160","2.13%","6.05","0.61","1.29","Analyze"
"PCAR","Paccar Inc","Common stocks","Large cap","Industrials","$30,606,554,033","1.52%","14.84","1.27","2.44","Analyze"
"RMD","Resmed Inc","Common stocks","Large cap","Health Care","$30,516,441,880","0.80%","39.13","8.88","9.30","Analyze"
"FAST","Fastenal","Common stocks","Large cap","Industrials","$30,415,022,731","2.22%","30.41","4.83","9.52","Analyze"
"ANET","Arista Networks Inc","Common stocks","Large cap","Information Technology","$30,336,214,775","0.00%","31.38","9.61","7.05","Analyze"
"ES","Eversource Energy","Common stocks","Large cap","Utilities","$30,287,197,904","2.82%","23.39","2.88","2.05","Analyze"
"IDXX","Idexx Laboratories Inc","Common stocks","Large cap","Health Care","$30,217,401,710","0.00%","39.56","9.23","45.42","Analyze"
"TWTR","Twitter Inc","Common stocks","Large cap","Communication Services","$30,184,219,879","0.00%","132.95","5.76","5.04","Analyze"
"ABC","AmerisourceBergen Corp","Common stocks","Large cap","Health Care","$30,154,444,638","1.26%","17.52","0.13","54.98","Analyze"
"CMI","Cummins Inc","Common stocks","Large cap","Industrials","$29,842,188,296","2.74%","14.90","1.23","3.44","Analyze"
"DFS","Discover Financial Services","Common stocks","Large cap","Financials","$29,818,825,638","1.96%","5.50","2.45","2.05","Analyze"
"BIIB","Biogen Inc","Common stocks","Large cap","Health Care","$29,615,526,069","0.00%","19.95","2.74","2.57","Analyze"
"OKE","Oneok Inc","Common stocks","Large cap","Energy","$29,561,515,092","5.53%","19.23","1.57","4.82","Analyze"
"VICI","VICI Properties Inc","REITs","Large cap","Real Estate","$29,544,904,827","4.51%","29.29","19.04","1.87","Analyze"
"PPG","PPG Industries Inc","Common stocks","Large cap","Materials","$29,285,737,085","1.89%","25.37","1.70","4.40","Analyze"
"MTB","M&T Bank Corp","Common stocks","Large cap","Financials","$29,225,234,432","2.90%","90.45","4.91","8.54","Analyze"
"AMP","Ameriprise Finance Inc","Common stocks","Large cap","Financials","$29,201,622,462","1.74%","8.97","2.12","5.52","Analyze"
"DXCM","Dexcom Inc","Common stocks","Large cap","Health Care","$29,089,432,838","0.00%","136.20","11.31","13.17","Analyze"
"APTV","Aptiv Plc","Common stocks","Large cap","Consumer Discretionary","$29,049,213,779","0.00%","85.52","1.84","3.27","Analyze"
"GLW","Corning Inc","Common stocks","Large cap","Information Technology","$28,936,424,181","2.95%","25.91","2.00","2.27","Analyze"
"ODFL","Old Dominion Freight Line Inc","Common stocks","Large cap","Industrials","$28,595,753,035","0.40%","24.69","5.08","8.00","Analyze"
"MTD","Mettler Toledo Inc","Common stocks","Large cap","Health Care","$28,522,707,079","0.00%","34.40","7.48","322.72","Analyze"
"ALB","Albemarle Corp","Common stocks","Large cap","Materials","$28,315,506,672","0.65%","98.59","7.81","4.76","Analyze"
"WY","Weyerhaeuser Company","REITs","Large cap","Real Estate","$28,171,804,320","1.80%","9.89","2.61","2.61","Analyze"
"CTRA","Coterra Energy Inc.","Common stocks","Large cap","Energy","$28,170,948,359","1.51%","16.86","6.03","2.36","Analyze"
"FANG","Diamondback Energy Inc","Common stocks","Large cap","Energy","$28,013,661,951","1.42%","10.07","3.49","2.17","Analyze"
"ROST","Ross Stores Inc","Common stocks","Large cap","Consumer Discretionary","$27,910,129,744","1.48%","23.76","1.47","6.65","Analyze"
"SIVB","SVB Financial Group","Common stocks","Large cap","Financials","$27,699,478,772","0.00%","15.24","4.93","1.63","Analyze"
"TROW","T Rowe Price Group Inc","Common stocks","Large cap","Financials","$27,550,623,189","3.61%","9.13","3.57","2.88","Analyze"
"AME","Ametek Inc","Common stocks","Large cap","Industrials","$27,436,727,269","0.87%","25.56","4.74","3.85","Analyze"
"AWK","American Water Works Inc","Common stocks","Large cap","Utilities","$27,364,773,235","1.63%","20.92","7.05","3.61","Analyze"
"AVB","AvalonBay Communities, Inc","REITs","Large cap","Real Estate","$27,246,377,311","3.23%","24.18","11.56","2.48","Analyze"
"EQR","Equity Residential","REITs","Large cap","Real Estate","$27,152,847,335","3.33%","20.23","10.78","2.51","Analyze"
"ENPH","Enphase Energy Inc","Common stocks","Large cap","Information Technology","$27,074,512,202","0.00%","160.00","17.79","80.04","Analyze"
"LVS","Las Vegas Sands Corp","Common stocks","Large cap","Consumer Discretionary","$26,965,412,362","0.00%","13.86","6.77","5.65","Analyze"
"CPRT","Copart Inc","Common stocks","Large cap","Industrials","$26,712,020,817","0.00%","23.78","7.94","5.91","Analyze"
"VRSK","Verisk Analytics Inc","Common stocks","Large cap","Industrials","$26,336,473,246","0.71%","25.83","8.64","9.75","Analyze"
"EBAY","Ebay Inc","Common stocks","Large cap","Consumer Discretionary","$26,139,029,283","1.71%","2.13","2.55","3.51","Analyze"
"KEYS","Keysight Technologies Inc","Common stocks","Large cap","Information Technology","$25,887,019,188","0.00%","24.72","5.04","6.69","Analyze"
"DHI","D R Horton Inc","Common stocks","Large cap","Consumer Discretionary","$25,856,621,936","1.19%","4.92","0.85","1.48","Analyze"
"FITB","Fifth Third Bancorp","Common stocks","Large cap","Financials","$25,681,923,662","3.08%","9.94","3.64","1.21","Analyze"
"FRC","First Republic Bank","Common stocks","Large cap","Financials","$25,426,215,900","0.63%","17.81","4.87","1.57","Analyze"
"EIX","Edison International","Common stocks","Large cap","Utilities","$25,414,337,454","4.02%","43.67","1.60","1.62","Analyze"
"GWW","W.W. Grainger Inc","Common stocks","Large cap","Industrials","$25,265,685,704","1.32%","21.33","1.86","12.00","Analyze"
"STT","State Street Corp","Common stocks","Large cap","Financials","$25,015,230,409","3.24%","8.98","2.20","0.91","Analyze"
"LUV","Southwest Airlines","Common stocks","Large cap","Industrials","$24,927,888,654","0.00%","40.76","1.35","2.28","Analyze"
"DTE","DTE Energy","Common stocks","Large cap","Utilities","$24,883,858,481","2.71%","27.36","1.54","2.79","Analyze"
"ROK","Rockwell Automation Inc","Common stocks","Large cap","Industrials","$24,798,592,454","2.06%","37.64","3.39","9.22","Analyze"
"HRL","Hormel Foods Corp","Common stocks","Large cap","Consumer Staples","$24,736,318,454","2.21%","27.03","2.07","3.52","Analyze"
"CBRE","CBRE Group Inc","Common stocks","Large cap","Real Estate","$24,566,839,239","0.00%","12.22","0.84","2.83","Analyze"
"ARE","Alexandria Real Estate Equities, Inc","REITs","Large cap","Real Estate","$24,559,397,864","2.99%","59.25","10.92","1.41","Analyze"
"ZBH","Zimmer Biomet Holdings Inc","Common stocks","Large cap","Health Care","$24,107,682,225","0.83%","59.17","3.15","1.98","Analyze"
"ETR","Entergy Corp","Common stocks","Large cap","Utilities","$23,630,060,847","3.38%","22.24","2.01","2.00","Analyze"
"DAL","Delta Air Lines Inc","Common stocks","Large cap","Industrials","$23,559,560,015","0.00%","43.63","0.67","7.53","Analyze"
"EFX","Equifax Inc","Common stocks","Large cap","Industrials","$23,484,672,794","0.81%","29.34","4.63","5.85","Analyze"
"CDW","CDW Corp","Common stocks","Large cap","Information Technology","$23,454,737,835","1.09%","22.47","1.07","25.32","Analyze"
"MKC","McCormick & Co  Non-voting","Common stocks","Large cap","Consumer Staples","$23,301,620,859","1.62%","29.42","3.66","4.79","Analyze"
"FE","Firstenergy Corp","Common stocks","Large cap","Utilities","$23,282,617,563","3.77%","18.75","2.04","2.65","Analyze"
"AEE","Ameren Corp","Common stocks","Large cap","Utilities","$23,224,891,950","2.51%","22.84","3.46","2.35","Analyze"
"K","Kellogg","Common stocks","Large cap","Consumer Staples","$23,198,331,549","3.36%","15.25","1.63","6.19","Analyze"
"MTCH","Match Group Inc","Common stocks","Large cap","Communication Services","$22,967,370,081","0.00%","77.11","7.37","-178.84","Analyze"
"HIG","Hartford Financial Services Group","Common stocks","Large cap","Financials","$22,948,173,463","2.15%","8.82","1.07","1.41","Analyze"
"LEN","Lennar Corporation Class A","Common stocks","Large cap","Consumer Discretionary","$22,770,607,579","1.58%","4.90","0.81","0.93","Analyze"
"EXR","Extra Space Storage Inc","REITs","Large cap","Real Estate","$22,737,609,032","2.93%","27.06","13.68","6.98","Analyze"
"TSCO","Tractor Supply","Common stocks","Large cap","Consumer Discretionary","$22,560,930,286","1.42%","21.79","1.74","12.21","Analyze"
"WST","West Pharmaceutical Services Inc","Common stocks","Large cap","Health Care","$22,558,988,401","0.23%","31.77","7.83","9.35","Analyze"
"WTW","Willis Towers Watson Public Limited Company","Common stocks","Large cap","Financials","$22,540,692,161","1.20%","5.14","2.47","2.02","Analyze"
"BALL","Ball Corporation","Common stocks","Large cap","Materials","$22,519,533,282","1.13%","19.48","1.56","5.62","Analyze"
"STE","STERIS PLC","Common stocks","Large cap","Health Care","$22,176,734,069","0.58%","90.64","4.84","3.38","Analyze"
"NTRS","Northern Trust Corporation","Common stocks","Large cap","Financials","$22,161,193,113","2.61%","14.01","3.47","1.85","Analyze"
"MRO","Marathon Oil Corp","Common stocks","Large cap","Energy","$22,115,339,344","0.83%","9.96","3.58","1.89","Analyze"
"FTV","Fortive Corp","Common stocks","Large cap","Industrials","$21,911,920,066","0.46%","32.90","4.08","2.22","Analyze"
"ULTA","Ulta Beauty Inc","Common stocks","Large cap","Consumer Discretionary","$21,885,362,287","0.00%","21.43","2.54","13.76","Analyze"
"ANSS","Ansys Inc","Common stocks","Large cap","Information Technology","$21,817,991,997","0.00%","46.42","11.08","4.82","Analyze"
"PPL","PPL Corporation","Common stocks","Large cap","Utilities","$21,444,213,711","3.49%","32.94","3.53","1.50","Analyze"
"LYV","Live Nation Entertainment Inc","Common stocks","Large cap","Communication Services","$21,419,758,858","0.00%","-46.94","2.75","-40.66","Analyze"
"VMC","Vulcan Materials","Common stocks","Large cap","Materials","$21,406,885,747","0.95%","34.40","3.55","3.16","Analyze"
"URI","United Rentals Inc","Common stocks","Large cap","Industrials","$21,368,874,286","0.00%","12.95","2.10","3.30","Analyze"
"VTR","Ventas, Inc","REITs","Large cap","Real Estate","$21,311,764,433","3.34%","145.13","5.42","1.97","Analyze"
"LH","Laboratory Corporation Of America","Common stocks","Large cap","Health Care","$21,301,533,000","0.31%","9.92","1.34","1.94","Analyze"
"CHD","Church And Dwight Inc","Common stocks","Large cap","Consumer Staples","$20,873,461,328","1.19%","25.71","3.98","6.13","Analyze"
"MLM","Martin Marietta Materials Inc","Common stocks","Large cap","Materials","$20,759,598,326","0.73%","30.48","3.67","3.12","Analyze"
"MPWR","Monolithic Power Systems Inc","Common stocks","Large cap","Information Technology","$20,713,223,440","0.57%","71.54","15.56","14.90","Analyze"
"ALGN","Align Technology Inc","Common stocks","Large cap","Health Care","$20,690,396,365","0.00%","28.70","5.13","5.52","Analyze"
"IT","Gartner Inc","Common stocks","Large cap","Information Technology","$20,632,493,317","0.00%","24.87","4.22","168.80","Analyze"
"WAT","Waters Corp","Common stocks","Large cap","Health Care","$20,298,104,199","0.00%","28.19","7.08","52.97","Analyze"
"CEG","Constellation Energy Corporation","Common stocks","Large cap","Utilities","$19,997,241,934","0.46%","-31.20","0.95","1.76","Analyze"
"DRE","Duke Realty Corporation","REITs","Large cap","Real Estate","$19,907,086,476","2.10%","18.73","18.18","3.07","Analyze"
"AMCR","Amcor plc","Common stocks","Large cap","Materials","$19,791,437,479","3.59%","20.14","1.40","4.25","Analyze"
"CINF","Cincinnati Financial Corp","Common stocks","Large cap","Financials","$19,791,044,585","2.07%","9.37","2.30","1.59","Analyze"
"GPC","Genuine Parts","Common stocks","Large cap","Consumer Discretionary","$19,765,272,153","2.43%","20.76","1.00","5.35","Analyze"
"IR","Ingersoll Rand Plc","Common stocks","Large cap","Industrials","$19,728,191,731","0.12%","15.48","3.68","2.10","Analyze"
"RF","Regions Financial Corp","Common stocks","Large cap","Financials","$19,708,597,977","3.19%","8.15","3.39","1.11","Analyze"
"CMS","CMS Energy Corp","Common stocks","Large cap","Utilities","$19,691,062,221","2.61%","19.66","2.56","2.00","Analyze"
"CTLT","Catalent Inc","Common stocks","Large cap","Health Care","$19,684,781,952","0.00%","39.42","4.19","4.13","Analyze"
"GRMN","Garmin Ltd","Common stocks","Large cap","Consumer Discretionary","$19,675,578,668","2.62%","17.97","3.87","3.09","Analyze"
"MAA","Mid-America Apartment Communities, Inc","REITs","Large cap","Real Estate","$19,499,185,482","2.48%","32.71","10.66","3.28","Analyze"
"RJF","Raymond James Inc","Common stocks","Large cap","Financials","$19,490,064,341","1.28%","12.36","1.86","2.16","Analyze"
"MOS","Mosaic","Common stocks","Large cap","Materials","$19,424,561,122","0.77%","7.27","1.39","1.66","Analyze"
"CNP","Centerpoint Energy Inc","Common stocks","Large cap","Utilities","$19,267,427,370","2.19%","12.04","2.25","1.91","Analyze"
"CFG","Citizens Financial Group Inc","Common stocks","Large cap","Financials","$19,257,987,303","3.96%","9.00","2.90","0.82","Analyze"
"DOV","Dover Corp","Common stocks","Large cap","Industrials","$19,131,927,999","1.50%","16.57","2.36","4.28","Analyze"
"HPE","Hewlett Packard Enterprise","Common stocks","Large cap","Information Technology","$19,074,171,079","4.04%","4.97","0.68","0.91","Analyze"
"PARA","Paramount Global - Class B","Common stocks","Large cap","Communication Services","$19,031,185,425","3.28%","4.20","0.67","0.75","Analyze"
"VRSN","Verisign Inc","Common stocks","Large cap","Information Technology","$19,018,072,034","0.00%","23.39","14.08","-14.41","Analyze"
"HBAN","Huntington Bancshares Inc","Common stocks","Large cap","Financials","$18,824,404,540","4.59%","16.53","3.00","0.97","Analyze"
"VFC","VF Corp","Common stocks","Large cap","Consumer Discretionary","$18,806,473,252","4.05%","13.16","1.62","5.03","Analyze"
"PWR","Quanta Services Inc","Common stocks","Large cap","Industrials","$18,791,390,017","0.20%","37.84","1.32","3.54","Analyze"
"FLT","Fleetcor Technologies Inc","Common stocks","Large cap","Information Technology","$18,672,393,690","0.00%","21.01","6.19","6.32","Analyze"
"CF","CF Industries Holdings Inc","Common stocks","Large cap","Materials","$18,542,606,891","1.45%","11.10","2.22","4.57","Analyze"
"EXPE","Expedia Inc","Common stocks","Large cap","Consumer Discretionary","$18,490,558,494","0.00%","81.19","1.93","8.40","Analyze"
"PKI","Perkinelmer Inc","Common stocks","Large cap","Health Care","$18,474,443,871","0.19%","24.53","3.68","2.49","Analyze"
"WRB","WR Berkley Corp","Common stocks","Large cap","Financials","$18,470,721,146","0.50%","13.08","1.81","2.64","Analyze"
"TDY","Teledyne Technologies Inc","Common stocks","Large cap","Information Technology","$18,443,436,905","0.00%","31.10","3.60","2.28","Analyze"
"HOLX","Hologic Inc","Common stocks","Large cap","Health Care","$18,374,388,101","0.00%","11.53","3.41","3.73","Analyze"
"PAYC","Paycom Software Inc","Common stocks","Large cap","Information Technology","$18,220,809,298","0.00%","79.45","16.03","17.58","Analyze"
"EPAM","Epam Systems Inc","Common stocks","Large cap","Information Technology","$18,094,048,708","0.00%","37.52","4.36","6.80","Analyze"
"FOX","Fox Corporation Class B","Common stocks","Large cap","Communication Services","$18,027,305,623","1.54%","6.39","1.30","0.66","Analyze"
"FOXA","Fox Corporation Class A","Common stocks","Large cap","Communication Services","$18,027,305,623","1.43%","8.76","1.30","0.90","Analyze"
"COO","Cooper Companies, Inc.","Common stocks","Large cap","Health Care","$17,979,516,042","0.02%","17.46","5.94","2.37","Analyze"
"SWK","Stanley Black & Decker Inc","Common stocks","Large cap","Industrials","$17,801,749,288","2.66%","12.27","1.12","1.77","Analyze"
"STX","Seagate Technology Plc","Common stocks","Large cap","Information Technology","$17,799,822,832","2.48%","12.95","1.53","41.14","Analyze"
"PFG","Principal Financial Group Inc","Common stocks","Large cap","Financials","$17,761,174,316","3.58%","10.68","1.25","1.41","Analyze"
"GNRC","Generac Holdings Inc","Common stocks","Large cap","Industrials","$17,736,428,484","0.00%","32.39","4.36","7.23","Analyze"
"WDC","Western Digital Corp","Common stocks","Large cap","Information Technology","$17,719,035,142","0.00%","9.29","0.92","1.41","Analyze"
"ESS","Essex Property Trust, Inc","REITs","Large cap","Real Estate","$17,698,716,202","3.10%","44.99","12.06","2.97","Analyze"
"JBHT","JB Hunt Transport Services Inc","Common stocks","Large cap","Industrials","$17,400,332,732","0.84%","20.01","1.33","5.27","Analyze"
"KEY","Keycorp","Common stocks","Large cap","Financials","$17,390,581,707","4.07%","7.07","2.49","1.08","Analyze"
"IP","International Paper","Common stocks","Large cap","Materials","$17,152,725,809","3.99%","9.46","0.89","1.88","Analyze"
"J","Jacobs Engineering Group Inc.","Common stocks","Large cap","Industrials","$16,977,513,103","0.67%","44.32","1.18","2.73","Analyze"
"EXPD","Expeditors International Of Washington","Common stocks","Large cap","Industrials","$16,976,693,061","1.24%","11.20","0.94","4.30","Analyze"
"SYF","Synchrony Financial","Common stocks","Large cap","Financials","$16,975,396,151","2.58%","3.87","1.08","1.15","Analyze"
"WAB","Westinghouse Air Brake Technologies","Common stocks","Large cap","Industrials","$16,953,355,430","0.58%","27.75","2.14","1.64","Analyze"
"APA","Apache Corp","Common stocks","Large cap","Energy","$16,925,149,896","0.67%","6.63","1.93","17.71","Analyze"
"BBY","Best Buy Inc","Common stocks","Large cap","Consumer Discretionary","$16,871,868,737","3.93%","9.50","0.00","5.41","Analyze"
"CE","Celanese Corporation","Common stocks","Large cap","Materials","$16,817,125,543","1.74%","7.62","1.81","3.43","Analyze"
"ROL","Rollins Inc","Common stocks","Large cap","Industrials","$16,794,012,480","1.11%","50.57","6.77","15.09","Analyze"
"BR","Broadridge Financial Solutions Inc","Common stocks","Large cap","Information Technology","$16,703,651,292","1.74%","29.78","3.03","9.02","Analyze"
"POOL","Pool Corp","Common stocks","Large cap","Consumer Discretionary","$16,686,283,779","0.81%","21.10","2.95","13.14","Analyze"
"SWKS","Skyworks Solutions Inc","Common stocks","Large cap","Information Technology","$16,651,027,085","2.15%","11.78","3.28","3.11","Analyze"
"ZBRA","Zebra Technologies Corp","Common stocks","Large cap","Information Technology","$16,576,514,631","0.00%","19.70","2.90","5.52","Analyze"
"TRMB","Trimble Inc","Common stocks","Large cap","Information Technology","$16,269,266,379","0.00%","32.01","4.32","3.92","Analyze"
"MOH","Molina Healthcare Inc","Common stocks","Large cap","Health Care","$16,259,313,000","0.00%","23.55","0.56","5.81","Analyze"
"CLX","Clorox","Common stocks","Large cap","Consumer Staples","$16,257,636,275","3.48%","35.23","2.29","40.34","Analyze"
"TER","Teradyne Inc","Common stocks","Large cap","Information Technology","$16,210,943,290","0.41%","15.90","4.41","6.28","Analyze"
"SEDG","SolarEdge Technologies Inc","Common stocks","Large cap","Information Technology","$16,154,809,416","0.00%","91.45","7.30","7.83","Analyze"
"INCY","Incyte Corp","Common stocks","Large cap","Health Care","$16,121,134,701","0.00%","16.71","5.18","4.04","Analyze"
"BRO","Brown & Brown Inc","Common stocks","Large cap","Financials","$16,044,394,990","0.70%","25.90","5.11","3.63","Analyze"
"KMX","Carmax Inc","Common stocks","Large cap","Consumer Discretionary","$16,042,548,150","0.00%","13.39","0.50","2.94","Analyze"
"AKAM","Akamai Technologies Inc","Common stocks","Large cap","Information Technology","$16,001,664,365","0.00%","25.39","4.54","3.63","Analyze"
"DGX","Quest Diagnostics Inc","Common stocks","Large cap","Health Care","$15,831,368,627","1.86%","8.22","1.48","2.42","Analyze"
"ATO","Atmos Energy Corp","Common stocks","Large cap","Utilities","$15,701,745,605","2.36%","21.46","4.14","1.73","Analyze"
"BIO","Bio Rad Laboratories Inc Class A","Common stocks","Large cap","Health Care","$15,669,958,023","0.00%","-124.56","5.41","1.24","Analyze"
"CAG","Conagra Brands Inc","Common stocks","Large cap","Consumer Staples","$15,475,976,974","3.82%","15.05","1.36","1.78","Analyze"
"EVRG","Evergy Inc","Common stocks","Large cap","Utilities","$15,459,951,454","3.34%","18.90","2.97","1.66","Analyze"
"BXP","Boston Properties, Inc","REITs","Large cap","Real Estate","$15,447,120,371","3.93%","27.74","5.27","2.60","Analyze"
"DRI","Darden Restaurants Inc","Common stocks","Large cap","Consumer Discretionary","$15,399,701,616","3.52%","14.39","1.65","6.55","Analyze"
"IRM","Iron Mountain Incorporated","REITs","Large cap","Real Estate","$15,193,462,822","4.64%","33.18","3.26","19.57","Analyze"
"L","Loews Corp","Common stocks","Large cap","Financials","$15,152,872,331","0.41%","8.97","1.12","0.90","Analyze"
"NTAP","NetApp Inc","Common stocks","Large cap","Information Technology","$15,081,295,623","2.93%","14.69","2.44","16.86","Analyze"
"TTWO","Take Two Interactive Software Inc","Common stocks","Large cap","Communication Services","$14,965,973,033","0.00%","35.45","4.27","3.89","Analyze"
"LNT","Alliant Energy Corp","Common stocks","Large cap","Utilities","$14,955,367,446","2.75%","21.88","3.90","2.45","Analyze"
"XYL","Xylem Inc","Common stocks","Large cap","Industrials","$14,897,269,137","1.40%","34.20","2.86","4.51","Analyze"
"HWM","Howmet Aerospace Inc.","Common stocks","Large cap","Industrials","$14,698,038,510","0.23%","46.26","2.89","4.11","Analyze"
"PKG","Packaging Corp Of America","Common stocks","Large cap","Materials","$14,632,375,020","2.54%","15.40","1.82","3.76","Analyze"
"MGM","MGM Resorts International","Common stocks","Large cap","Consumer Discretionary","$14,622,113,563","0.03%","8.84","1.34","2.67","Analyze"
"NDAQ","Nasdaq Inc","Common stocks","Large cap","Financials","$14,599,335,121","1.45%","12.25","2.53","2.39","Analyze"
"TYL","Tyler Technologies Inc","Common stocks","Large cap","Information Technology","$14,582,565,899","0.00%","85.11","8.32","5.86","Analyze"
"FMC","FMC Corp","Common stocks","Large cap","Materials","$14,542,208,084","1.74%","18.64","2.80","4.64","Analyze"
"IEX","IDEX Corp","Common stocks","Large cap","Industrials","$14,528,471,778","1.16%","29.54","5.07","4.86","Analyze"
"LKQ","LKQ Corp","Common stocks","Large cap","Consumer Discretionary","$14,506,501,390","1.46%","12.76","1.09","2.42","Analyze"
"UDR","UDR, Inc","REITs","Large cap","Real Estate","$14,394,914,138","3.22%","91.15","10.69","4.20","Analyze"
"AES","AES Corp","Common stocks","Large cap","Utilities","$14,392,375,350","2.83%","-94.64","1.27","4.54","Analyze"
"TXT","Textron Inc","Common stocks","Large cap","Industrials","$14,371,867,242","0.12%","18.15","1.15","1.99","Analyze"
"CPT","Camden Property Trust","REITs","Large cap","Real Estate","$14,370,728,008","2.52%","40.16","12.10","3.36","Analyze"
"OMC","Omnicom Group Inc","Common stocks","Large cap","Communication Services","$14,370,427,977","3.95%","11.27","1.01","4.66","Analyze"
"NVR","NVR, Inc.","Common stocks","Large cap","Consumer Discretionary","$14,270,636,901","0.00%","9.71","1.54","5.04","Analyze"
"CAH","Cardinal Health Inc","Common stocks","Large cap","Health Care","$14,261,572,401","3.70%","-15.25","0.08","-20.90","Analyze"
"HST","Host Hotels & Resorts, Inc","REITs","Large cap","Real Estate","$14,231,212,618","0.15%","42.03","0.00","2.04","Analyze"
"AVY","Avery Dennison Corp","Common stocks","Large cap","Materials","$14,214,200,050","1.60%","18.94","1.63","7.14","Analyze"
"CPB","Campbell Soup","Common stocks","Large cap","Consumer Staples","$14,127,053,952","3.11%","15.32","1.70","4.21","Analyze"
"VTRS","Viatris Inc.","Common stocks","Large cap","Health Care","$14,087,501,573","3.91%","80.97","0.80","0.66","Analyze"
"NLOK","NortonLifeLock Inc.","Common stocks","Large cap","Information Technology","$14,078,154,930","2.05%","21.00","5.04","-143.14","Analyze"
"LDOS","Leidos Holdings Inc","Common stocks","Large cap","Industrials","$14,052,963,126","1.37%","36.80","0.00","3.48","Analyze"
"PEAK","Healthpeak Properties, Inc.","REITs","Large cap","Real Estate","$14,006,903,692","4.56%","32.27","7.22","2.16","Analyze"
"FDS","Factset Research Systems Inc","Common stocks","Large cap","Financials","$14,006,575,598","0.90%","32.80","8.40","11.31","Analyze"
"EMN","Eastman Chemical","Common stocks","Large cap","Materials","$13,985,025,209","2.65%","16.10","1.30","2.23","Analyze"
"UAL","United Continental Holdings Inc","Common stocks","Large cap","Industrials","$13,951,322,365","0.00%","-6.78","0.48","3.71","Analyze"
"TECH","Bio-Techne Corp","Common stocks","Large cap","Health Care","$13,945,159,150","0.36%","58.19","12.96","7.66","Analyze"
"DPZ","Dominos Pizza Inc","Common stocks","Large cap","Consumer Discretionary","$13,893,210,624","1.01%","28.36","3.17","-3.27","Analyze"
"SJM","J.M. Smucker","Common stocks","Large cap","Consumer Staples","$13,801,330,637","3.08%","24.15","1.75","1.68","Analyze"
"MAS","Masco Corp","Common stocks","Large cap","Industrials","$13,377,822,948","1.80%","23.52","1.55","-34.80","Analyze"
"JKHY","Jack Henry & Associates, Inc.","Common stocks","Large cap","Information Technology","$13,299,168,856","1.04%","36.59","6.96","9.90","Analyze"
"PTC","PTC Inc","Common stocks","Large cap","Information Technology","$13,221,790,950","0.00%","26.59","7.04","6.12","Analyze"
"KIM","Kimco Realty Corporation","REITs","Large cap","Real Estate","$13,182,085,343","3.38%","13.92","8.73","1.27","Analyze"
"SBNY","Signature Bank","Common stocks","Large cap","Financials","$13,031,155,598","1.04%","11.88","6.00","1.50","Analyze"
"CHRW","C.H. Robinson Worldwide, Inc.","Common stocks","Large cap","Industrials","$12,996,419,953","2.10%","13.75","0.52","6.18","Analyze"
"CCL","Carnival Corp","Common stocks","Large cap","Consumer Discretionary","$12,949,802,888","0.00%","-1.16","3.69","1.06","Analyze"
"BEN","Franklin Resources Inc","Common stocks","Large cap","Financials","$12,823,054,371","4.38%","6.51","1.48","1.06","Analyze"
"TFX","Teleflex Inc","Common stocks","Large cap","Health Care","$12,751,187,769","0.50%","25.74","4.53","3.31","Analyze"
"RCL","Royal Caribbean Cruises Ltd","Common stocks","Large cap","Consumer Discretionary","$12,587,192,679","0.00%","-2.20","4.94","2.92","Analyze"
"CTXS","Citrix Systems Inc","Common stocks","Large cap","Information Technology","$12,537,741,670","0.75%","44.65","3.84","18.65","Analyze"
"NDSN","Nordson Corp","Common stocks","Large cap","Industrials","$12,327,652,187","0.95%","24.02","5.04","5.38","Analyze"
"NI","Nisource Inc","Common stocks","Large cap","Utilities","$12,267,276,896","2.97%","18.45","2.35","1.69","Analyze"
"HAS","Hasbro Inc","Common stocks","Large cap","Consumer Discretionary","$12,171,230,495","3.10%","31.69","1.88","3.89","Analyze"
"CBOE","Cboe Global Markets, Inc.","Common stocks","Large cap","Financials","$12,065,145,323","1.68%","23.31","3.49","3.27","Analyze"
"WRK","Westrock","Common stocks","Large cap","Materials","$12,057,046,606","2.08%","14.45","0.60","0.99","Analyze"
"IPG","Interpublic Group Of Companies Inc","Common stocks","Large cap","Communication Services","$11,908,341,717","3.66%","11.17","1.13","3.27","Analyze"
"LUMN","CenturyLink, Inc.","Common stocks","Large cap","Communication Services","$11,828,483,677","8.50%","5.40","0.61","0.95","Analyze"
"ABMD","Abiomed Inc","Common stocks","Large cap","Health Care","$11,714,943,842","0.00%","50.61","11.35","7.59","Analyze"
"SNA","Snap On Inc","Common stocks","Large cap","Industrials","$11,671,346,810","2.49%","13.22","2.50","2.60","Analyze"
"CRL","Charles River Laboratories International","Common stocks","Large cap","Health Care","$11,467,164,951","0.00%","26.40","3.16","4.27","Analyze"
"TAP","Molson Coors Brewing Class B","Common stocks","Large cap","Consumer Staples","$11,373,966,209","2.72%","9.78","0.86","0.78","Analyze"
"HSIC","Henry Schein Inc","Common stocks","Large cap","Health Care","$11,353,296,229","0.00%","17.40","0.90","3.13","Analyze"
"AAP","Advance Auto Parts Inc","Common stocks","Large cap","Consumer Discretionary","$11,197,750,085","2.42%","17.66","1.02","3.48","Analyze"
"QRVO","Qorvo, Inc.","Common stocks","Large cap","Information Technology","$11,146,658,880","0.00%","10.39","2.40","2.36","Analyze"
"RE","Everest Re Group Ltd","Common stocks","Large cap","Financials","$10,960,993,057","2.25%","8.22","0.95","1.15","Analyze"
"NRG","NRG Energy Inc","Common stocks","Large cap","Utilities","$10,801,147,651","2.93%","2.61","0.40","2.08","Analyze"
"REG","Regency Centers Corporation","REITs","Large cap","Real Estate","$10,776,093,059","3.85%","13.30","9.02","1.71","Analyze"
"CZR","Caesars Entertainment Corp","Common stocks","Large cap","Consumer Discretionary","$10,752,605,532","0.00%","-16.37","1.07","2.58","Analyze"
"ETSY","Etsy Inc","Common stocks","Large cap","Consumer Discretionary","$10,559,776,825","0.00%","22.12","4.48","14.24","Analyze"
"DISH","Dish Network Corp Class A","Common stocks","Large cap","Communication Services","$10,472,520,471","0.00%","2.65","0.59","0.37","Analyze"
"PHM","Pultegroup Inc","Common stocks","Large cap","Consumer Discretionary","$10,453,201,524","1.33%","4.78","0.73","1.35","Analyze"
"CMA","Comerica Inc","Common stocks","Large cap","Financials","$10,322,218,635","3.40%","10.05","3.74","1.40","Analyze"
"MKTX","Marketaxess Holdings Inc","Common stocks","Large cap","Financials","$10,262,012,354","0.99%","42.35","14.88","10.02","Analyze"
"AAL","American Airlines Group Inc","Common stocks","Large cap","Industrials","$10,047,994,699","0.00%","-4.02","0.29","-1.07","Analyze"
"UHS","Universal Health Services Inc.","Common stocks","Large cap","Health Care","$10,026,695,808","0.68%","8.24","0.78","1.31","Analyze"
"NWS","News Corp Class B","Common stocks","Mid cap","Communication Services","$9,928,866,874","1.16%","6.65","0.97","0.39","Analyze"
"NWSA","News Corp Class A","Common stocks","Mid cap","Communication Services","$9,928,866,874","1.18%","12.90","0.97","0.76","Analyze"
"AOS","A O Smith Corp","Common stocks","Mid cap","Industrials","$9,818,504,220","1.80%","14.83","2.62","4.17","Analyze"
"FFIV","F5 Networks Inc","Common stocks","Mid cap","Information Technology","$9,795,863,168","0.00%","27.06","3.69","3.95","Analyze"
"LW","Lamb Weston Holdings Inc","Common stocks","Mid cap","Consumer Staples","$9,738,608,987","1.42%","41.03","2.46","24.52","Analyze"
"RHI","Robert Half","Common stocks","Mid cap","Industrials","$9,683,198,828","1.84%","14.25","1.41","6.44","Analyze"
"AIZ","Assurant Inc","Common stocks","Mid cap","Financials","$9,668,248,365","1.50%","6.94","0.94","1.87","Analyze"
"WHR","Whirlpool Corp","Common stocks","Mid cap","Consumer Discretionary","$9,588,684,981","3.65%","5.55","0.45","2.02","Analyze"
"JNPR","Juniper Networks Inc","Common stocks","Mid cap","Information Technology","$9,557,163,174","2.76%","27.42","1.98","2.18","Analyze"
"ALLE","Allegion PLC","Common stocks","Mid cap","Industrials","$9,529,467,968","1.37%","20.10","3.29","12.68","Analyze"
"GL","Globe Life Inc.","Common stocks","Mid cap","Financials","$9,409,360,019","0.84%","12.39","1.82","1.31","Analyze"
"BWA","BorgWarner Inc","Common stocks","Mid cap","Consumer Discretionary","$9,384,147,345","1.73%","13.37","0.64","1.27","Analyze"
"LNC","Lincoln National Corp","Common stocks","Mid cap","Financials","$9,352,189,770","3.17%","6.85","0.49","0.60","Analyze"
"OGN","Organon & Co.","Common stocks","Mid cap","Health Care","$9,229,856,944","3.04%","6.92","1.45","-7.20","Analyze"
"FBHS","Fortune Brands Home And Security","Common stocks","Mid cap","Industrials","$9,037,478,015","1.55%","9.70","1.16","2.93","Analyze"
"NLSN","Nielsen Holdings Plc","Common stocks","Mid cap","Industrials","$8,981,541,751","0.96%","17.73","2.56","2.58","Analyze"
"MHK","Mohawk Industries Inc","Common stocks","Mid cap","Consumer Discretionary","$8,954,611,588","0.00%","8.05","0.78","1.01","Analyze"
"SEE","Sealed Air Corp","Common stocks","Mid cap","Materials","$8,924,297,707","1.30%","16.03","1.57","45.97","Analyze"
"DVA","Davita Inc","Common stocks","Mid cap","Health Care","$8,855,506,000","0.00%","9.76","0.76","10.44","Analyze"
"TPR","Tapestry","Common stocks","Mid cap","Consumer Discretionary","$8,646,893,489","2.88%","9.49","1.30","3.25","Analyze"
"HII","Huntington Ingalls Industries Inc","Common stocks","Mid cap","Industrials","$8,570,099,730","2.17%","15.84","0.87","3.01","Analyze"
"XRAY","Dentsply Sirona Inc","Common stocks","Mid cap","Health Care","$8,424,155,840","1.16%","22.32","2.01","1.68","Analyze"
"CDAY","Ceridian HCM Holding Inc.","Common stocks","Mid cap","Information Technology","$8,412,256,636","0.00%","-95.60","7.77","3.73","Analyze"
"FRT","Federal Realty Investment Trust","REITs","Mid cap","Real Estate","$8,351,830,966","1.02%","31.13","8.44","3.07","Analyze"
"PNW","Pinnacle West Corp","Common stocks","Mid cap","Utilities","$8,295,409,650","4.52%","13.89","2.13","1.40","Analyze"
"ZION","Zions Bancorporation","Common stocks","Mid cap","Financials","$8,289,918,628","2.78%","8.15","3.00","1.27","Analyze"
"NWL","Newell Brands Inc","Common stocks","Mid cap","Consumer Discretionary","$8,261,730,000","4.53%","11.04","0.77","1.99","Analyze"
"IVZ","Invesco Ltd","Common stocks","Mid cap","Financials","$8,217,759,446","3.81%","5.94","1.20","0.51","Analyze"
"PNR","Pentair","Common stocks","Mid cap","Industrials","$8,188,937,860","1.65%","14.61","2.10","3.16","Analyze"
"BBWI","Bath & Body Works, Inc.","Common stocks","Mid cap","Consumer Discretionary","$8,085,802,046","1.97%","6.39","0.85","-5.11","Analyze"
"DXC","DXC Technology Company","Common stocks","Mid cap","Information Technology","$7,956,279,433","0.00%","-12.38","0.48","1.58","Analyze"
"WYNN","Wynn Resorts Ltd","Common stocks","Mid cap","Consumer Discretionary","$7,686,156,886","0.00%","-10.98","1.93","-21.43","Analyze"
"RL","Ralph Lauren Corp Class A","Common stocks","Mid cap","Consumer Discretionary","$7,542,509,177","2.64%","8.99","1.26","1.66","Analyze"
"VNO","Vornado Realty Trust","REITs","Mid cap","Real Estate","$6,039,919,935","6.59%","40.17","3.66","0.97","Analyze"
"ALK","Alaska Air Group Inc","Common stocks","Mid cap","Industrials","$5,809,050,332","0.00%","11.91","0.82","1.53","Analyze"
"PENN","Penn National Gaming Inc","Common stocks","Mid cap","Consumer Discretionary","$5,654,615,123","0.00%","14.07","0.91","1.36","Analyze"
"IPGP","IPG Photonics Corp","Common stocks","Mid cap","Information Technology","$5,228,761,810","0.00%","18.03","3.52","1.86","Analyze"
"UA","Under Armour Inc Class C","Common stocks","Mid cap","Consumer Discretionary","$4,721,307,360","0.00%","10.62","0.82","1.37","Analyze"
"UAA","Under Armour Inc Class A","Common stocks","Mid cap","Consumer Discretionary","$4,721,307,360","0.00%","8.58","0.82","1.11","Analyze"
"PVH","PVH Corp","Common stocks","Mid cap","Consumer Discretionary","$4,604,070,989","0.17%","6.63","0.00","0.84","Analyze"
"NCLH","Norwegian Cruise Line Holdings Ltd","Common stocks","Mid cap","Consumer Discretionary","$2,957,024,000","0.00%","-1.34","2.53","3.66","Analyze"